INSERT INTO empresa (CNPJ, nome, email, senha) VALUES
('50580521000133', 'RENOVO CONSTRUÇÕES', 'renovo@renovoconstrucoes.com.br', 'renovo@'),
('20608820000178', 'ARCON ENGENHARIA E SERVIÇOS', 'arcon@arconengenharia.com.br', 'arcon@'),
('10696678000104', 'ELEVADORES DIRSAN', 'elevadoresdirsan@dirsan.com.br', 'elevadoresdirsan@'),
('10637911000188', 'FENIXX', 'fenixx@fenixx.com.br', 'fenixx@'),
('23102801000163', 'CCON ASSESSORIA E PROJETOS DE ENGENHARIA', 'ccon@ccon.com.br', 'ccon@'),
('04161460000152', 'PROJELÉTRICA - COM. E INST. DE MAT. ELETR', 'projeletrica@projeletrica.com.br', 'projeletrica@'),
('10594874000178', 'A INTEGRADORA - ELÉTRICA, HIDRÁULICA E COMÉRCIO DE MATERIAIS', 'aintegradora@aintegradora.com.br', 'aintegradora@'),
('33810642000105', 'ZA ENGENHARIA SOLUÇÕES EM PROJETOS E OBRAS', 'zaengenharia@zaengenharia.com.br', 'zaengenharia@'),
('16828124000108', 'C.R. VOLPI CONSTRUCOES', 'volpi@volpi.com.br', 'volpi@'),
('04846573000191', 'TECNICARTE PROJETOS E CONSTRUCOES', 'tecnicarte@tecnicarte.com.br', 'tecnicarte@'),
('21029437000128', 'QUATAR CONSTRUÇÕES E MANUTENÇÕES', 'quatar@quatar.com.br', 'quatar@');

INSERT INTO localizacao (id, nome) VALUES
(1, 'FCM'),
(2, 'IEL'),
(3, 'IMECC'),
(4, 'IFCH'),
(5, 'CEL'),
(6, 'EB'),
(7, 'IA'),
(8, 'FE'),
(9, 'FEM'),
(10, 'BORA'),
(11, 'BC'),
(12, 'IB'),
(13, 'CBII');

INSERT INTO obra (id, id_localizacao, cnpj_empresa, data_inicio, data_previsao, data_conclusao, orcamento, nome, descricao, tipo, status) VALUES
(1, 1, '50580521000133', '2023-08-28', '2024-10-15', NULL, 1071849.25, 'Acessibilidade dos Prédios FCM', ' Projeto de reforma voltado para adequar as instalações da Faculdade de Ciências Médicas da Unicamp às normas de acessibilidade, garantindo a inclusão de todos os usuários. As melhorias incluem a instalação de rampas de acesso e pisos táteis em áreas de circulação.', 'Acessibilidade', 'Em andamento'),
(2, 2, '50580521000133', '2023-08-21', '2024-04-15', NULL, 1007493.58, 'Acessibilidade e Reforma de Sanitário IEL', 'Reforma do sanitário do Instituto de Estudos da Linguagem da Unicamp, adaptando-o para acessibilidade com instalação de barras de apoio, sinalização tátil e adequações nas entradas para garantir inclusão e conforto.', 'Acessibilidade', 'Em andamento'),
(3, 3, '20608820000178', '2023-11-06', '2024-12-15', NULL, 1280790.36, 'Reforma dos Sanitários do IMECC', 'Reforma dos sanitários do Instituto de Matemática, Estatística e Computação Científica da Unicamp, com renovação das instalações, substituição de revestimentos, melhorias na iluminação e modernização de sistemas hidráulicos para maior conforto e eficiência.', 'Reforma', 'Em andamento'),
(4, 4, '10696678000104', '2024-01-24', '2024-10-15', NULL, 186263.98, 'Elevador IFCH', 'Instalação de elevador no Instituto de Filosofia e Ciências Humanas da Unicamp, visando a melhoria da mobilidade interna e acessibilidade, garantindo o transporte seguro e eficiente entre os andares do prédio.', 'Construção', 'Em andamento'),
(5, 5, '50580521000133', '2023-11-10', '2024-08-15', NULL, 1095635.10, 'Acessibilidade e Reforma de Sanitários do CEL', 'Acessibilidade e reforma dos sanitários do Centro de Ensino de Línguas da Unicamp, com adequações para garantir conforto e inclusão, proporcionando um ambiente acessível a todos os usuários.', 'Reforma', 'Em andamento'),
(6, 6, '10637911000188', '2024-01-22', '2024-04-15', NULL, 359898.54, 'Reforma de Sanitários da EB', 'Reforma dos sanitários da Engenharia Básica da Unicamp, visando melhorias na infraestrutura e conforto dos usuários, promovendo um ambiente mais funcional e acolhedor.', 'Reforma', 'Em andamento'),
(7, 7, '23102801000163', '2024-03-08', '2024-07-15', '2024-07-15', 350000.00, 'Reforço Estrutural no Tratro do IA', 'Esta obra visa reforçar a estrutura da laje em balanço no Teatro do Instituto Artes da Unicamp. Com o objetivo de garantir segurança e durabilidade, o projeto foca no aumento da resistência da laje, que sustenta áreas como varandas e extensões que se estendem para fora da estrutura principal.', 'Reforma', 'Concluída'),
(8, 8, '04161460000152', '2022-09-21', '2023-04-15', '2023-04-15', 445913.13, 'Quadros de Distribuição da FE', 'A obra visa a modernização dos quadros de distribuição elétrica da Faculdade de Educação da Unicamp, assegurando maior segurança e eficiência energética. Inclui substituição de componentes antigos, adequação às normas vigentes e melhoria na distribuição elétrica para suportar novas demandas.', 'Reforma', 'Concluída'),
(9, 7, '10594874000178', '2021-10-15', '2023-07-15', '2023-07-15', 249645.46, 'Drenagem do Teatro do IA', 'A obra realiza a drenagem do subsolo do Teatro Laboratório do Instituto de Artes da Unicamp, visando prevenir infiltrações e acúmulo de umidade. O projeto inclui a instalação de sistemas de captação e escoamento, garantindo a preservação da estrutura e a segurança do espaço.', 'Reforma', 'Cancelada'),
(10, 9, '33810642000105', '2023-12-11', '2024-04-15', '2024-04-15', 185848.47, 'Adequação da Rede Elétrica do LabEDin', 'Contratação de empresa especializada para fornecer painéis elétricos, infraestrutura e mão de obra qualificada para o remanejamento da rede elétrica do PRP - LABEDIN, da Faculdade de Engenharia Mecânica. O projeto visa otimizar a distribuição elétrica e garantir segurança operacional.', 'Reforma', 'Concluída'),
(11, 10, '16828124000108', '2024-03-22', '2024-06-15', NULL, 398909.00, 'Reforma dos Acabamentos da BORA', 'A obra realiza a reforma dos acabamentos externos da Biblioteca de Obras Raras, incluindo a demolição de partes deterioradas. O projeto visa restaurar e proteger a fachada, garantindo a preservação do patrimônio e a valorização estética do edifício histórico.', 'Reforma', 'Em andamento'),
(12, 11, '04846573000191', '2024-05-20', '2024-11-15', NULL, 599248.07, 'Espaço Maker Acessível - BCCL', 'Reforma, ampliação e modernização do Laboratório de Acessibilidade da Biblioteca Central Cesar Lattes da Unicamp. O projeto visa aprimorar o espaço com novas tecnologias e infraestrutura acessível, promovendo inclusão e melhor atendimento a usuários com necessidades especiais.', 'Reforma', 'Em andamento'),
(13, 12, '21029437000128', '2024-01-08', '2024-04-15', NULL, 438118.74, 'Manutenção da Fachada do Museu Herbário', 'Manutenção das fachadas do Museu e Herbário do Instituto de Biologia da Unicamp, em Campinas-SP. A obra inclui reparos conforme especificações técnicas para preservar a integridade estrutural e estética dos edifícios, garantindo sua conservação e segurança.', 'Reforma', 'Em andamento'),
(14, 13, '21029437000128', '2021-09-21', '2022-06-15', '2022-06-15', 45354.07, 'Sanitário para PcD no Ciclo Básico II', 'Execução da obra de construção de sanitário acessível no Ciclo Básico II da Unicamp. O projeto visa atender às normas de acessibilidade, proporcionando infraestrutura adequada para pessoas com deficiência e promovendo inclusão e conforto no ambiente acadêmico.', 'Reforma', 'Concluída');

INSERT INTO atualizacao (id, id_obra, cnpj_empresa, data, gasto_planejado, gasto_acumulado, porcentagem_concluida) VALUES
(1, 1, '50580521000133', '2023-08-15', 100148.75, 40577.82, 4),
(2, 1, '50580521000133', '2023-09-15', 241158.83, 52706.24, 5),
(3, 1, '50580521000133', '2023-10-15', 494990.22, 143962.18, 14),
(4, 1, '50580521000133', '2024-05-15', 843550.46, 143962.18, 14),
(5, 1, '50580521000133', '2024-06-15', 846550.77, 156801.81, 15),
(6, 1, '50580521000133', '2024-07-15', 849386.08, 210270.77, 20),
(7, 1, '50580521000133', '2024-08-15', 852221.39, 277657.62, 26),
(8, 1, '50580521000133', '2024-09-15', 855056.70, 337436.77, 31),
(9, 2, '50580521000133', '2023-08-15', 85770.89, 97284.11, 10),
(10, 2, '50580521000133', '2023-09-15', 186686.25, 122474.93, 12),
(11, 2, '50580521000133', '2023-10-15', 367075.26, 157361.76, 16),
(12, 2, '50580521000133', '2023-11-15', 687185.50, 211036.67, 21),
(13, 2, '50580521000133', '2023-12-15', 705017.57, 237795.72, 24),
(14, 2, '50580521000133', '2024-01-15', 762645.26, 260475.58, 26),
(15, 2, '50580521000133', '2024-02-15', 780477.33, 325608.48, 32),
(16, 2, '50580521000133', '2024-03-15', 842915.29, 385938.42, 38),
(17, 2, '50580521000133', '2024-04-15', 1007493.59, 512779.20, 51),
(18, 2, '50580521000133', '2024-05-15', 1007493.59, 689033.79, 68),
(19, 2, '50580521000133', '2024-06-15', 1007493.59, 713205.62, 71),
(20, 2, '50580521000133', '2024-07-15', 1007493.59, 765427.73, 76),
(21, 2, '50580521000133', '2024-08-15', 1007493.59, 823611.91, 82),
(22, 2, '50580521000133', '2024-09-15', 1007493.59, 823904.95, 82),
(23, 3, '20608820000178', '2023-11-15', 18027.64, 10490.05, 1),
(24, 3, '20608820000178', '2023-12-15', 83526.02, 24182.38, 2),
(25, 3, '20608820000178', '2024-01-15', 226807.17, 46840.29, 4),
(26, 3, '20608820000178', '2024-02-15', 412593.96, 83908.14, 7),
(27, 3, '20608820000178', '2024-03-15', 551501.91, 97433.69, 8),
(28, 3, '20608820000178', '2024-04-15', 620010.96, 119267.23, 9),
(29, 3, '20608820000178', '2024-05-15', 664958.14, 166491.54, 13),
(30, 3, '20608820000178', '2024-06-15', 691636.13, 257361.80, 20),
(31, 3, '20608820000178', '2024-07-15', 767174.68, 338021.14, 26),
(32, 3, '20608820000178', '2024-08-15', 915872.30, 425096.41, 33),
(33, 3, '20608820000178', '2024-09-15', 1071764.62, 477895.17, 37),
(34, 4, '10696678000104', '2024-01-15', 44951.08, 0, 0),
(35, 4, '10696678000104', '2024-02-15', 44951.08, 0, 0),
(36, 4, '10696678000104', '2024-03-15', 44951.08, 0, 0),
(37, 4, '10696678000104', '2024-04-15', 44951.08, 0, 0),
(38, 4, '10696678000104', '2024-05-15', 44951.08, 0, 0),
(39, 4, '10696678000104', '2024-06-15', 44951.08, 0, 0),
(40, 4, '10696678000104', '2024-07-15', 50169.06, 0, 0),
(41, 4, '10696678000104', '2024-08-15', 100794.87, 3599.81, 2),
(42, 4, '10696678000104', '2024-09-15', 169581.27, 4833.09, 3),
(43, 5, '50580521000133', '2023-11-15', 17855.93, 34948.87, 3),
(44, 5, '50580521000133', '2023-12-15', 76386.19, 68102.88, 6),
(45, 5, '50580521000133', '2024-01-15', 150832.40, 98028.92, 9),
(46, 5, '50580521000133', '2024-02-15', 238743.73, 128505.24, 12),
(47, 5, '50580521000133', '2024-03-15', 361811.37, 147646.32, 13),
(48, 5, '50580521000133', '2024-04-15', 450359.15, 207179.69, 19),
(49, 5, '50580521000133', '2024-05-15', 604119.74, 305985.71, 28),
(50, 5, '50580521000133', '2024-06-15', 915545.30, 377331.86, 34),
(51, 5, '50580521000133', '2024-07-15', 1081555.53, 431911.02, 39),
(52, 5, '50580521000133', '2024-08-15', 1095635.10, 454985.82, 42),
(53, 5, '50580521000133', '2024-09-15', 1109714.66, 486860.72, 44),
(54, 6, '10637911000188', '2024-01-15', 0, 0, 0),
(55, 6, '10637911000188', '2024-02-15', 71461.82, 18835.39, 5),
(56, 6, '10637911000188', '2024-03-15', 238707.83, 35036.30, 10),
(57, 6, '10637911000188', '2024-04-15', 359898.54, 85443.94, 24),
(58, 6, '10637911000188', '2024-05-15', 359898.54, 93605.29, 26),
(59, 6, '10637911000188', '2024-06-15', 359898.54, 128120.54, 36),
(60, 6, '10637911000188', '2024-07-15', 359898.54, 180399.39, 50),
(61, 6, '10637911000188', '2024-08-15', 359898.54, 180399.39, 50),
(62, 6, '10637911000188', '2024-09-15', 359898.54, 204180.79, 57),
(63, 7, '23102801000163', '2024-07-15', 0.00, 0.00, 0),
(64, 7, '23102801000163', '2024-07-15', 350000.00, 350000.00, 100),
(65, 8, '04161460000152', '2022-09-21', 0.00, 0.00, 0),
(66, 8, '04161460000152', '2023-04-15', 445913.13, 445913.13, 100),
(67, 9, '10594874000178', '2021-10-19', 0.00, 0.00, 0),
(68, 9, '10594874000178', '2023-07-15', 249645.46, 249645.46, 100),
(69, 10, '33810642000105', '2023-12-11', 0.00, 0.00, 0),
(70, 10, '33810642000105', '2024-04-15', 185848.47, 185848.47, 100),
(71, 11, '16828124000108', '2024-03-15', 51766.21, 57280.69, 14),
(72, 11, '16828124000108', '2024-04-15', 150039.22, 96493.22, 24),
(73, 11, '16828124000108', '2024-05-15', 274622.37, 200211.46, 50),
(74, 11, '16828124000108', '2024-06-15', 398909.00, 281227.44, 71),
(75, 11, '16828124000108', '2024-07-15', 398909.00, 318604.72, 80),
(76, 11, '16828124000108', '2024-08-15', 398909.00, 337231.94, 85),
(77, 11, '16828124000108', '2024-09-15', 398909.00, 348644.17, 87),
(78, 12, '04846573000191', '2024-05-15', 57616.45, 13997.53, 2),
(79, 12, '04846573000191', '2024-06-15', 134762.18, 52902.69, 9),
(80, 12, '04846573000191', '2024-07-15', 344834.55, 119705.62, 20),
(81, 12, '04846573000191', '2024-08-15', 473781.05, 212497.82, 35),
(82, 12, '04846573000191', '2024-09-15', 537408.17, 341171.98, 57),
(83, 13, '21029437000128', '2024-08-15', 126169.46, 31430.34, 7),
(84, 13, '21029437000128', '2024-09-15', 273367.15, 76875.21, 18),
(85, 13, '21029437000128', '2024-01-15', 420564.85, 303240.49, 72),
(86, 13, '21029437000128', '2024-02-15', 420564.85, 346644.24, 82),
(87, 13, '21029437000128', '2024-03-15', 420564.85, 357542.04, 85),
(88, 13, '21029437000128', '2024-04-15', 420564.85, 357542.04, 85),
(89, 13, '21029437000128', '2024-05-15', 420564.85, 357542.04, 85),
(90, 13, '21029437000128', '2024-06-15', 420564.85, 357542.04, 85),
(91, 13, '21029437000128', '2024-07-15', 420564.85, 357542.04, 85),
(92, 14, '21029437000128', '2021-09-21', 0.00, 0.00, 0),
